-- phpMyAdmin SQL Dump
-- version 5.1.3
-- https://www.phpmyadmin.net/
--
-- Host: 127.0.0.1
-- Generation Time: Jun 22, 2022 at 09:38 AM
-- Server version: 10.4.24-MariaDB
-- PHP Version: 8.0.20

SET SQL_MODE = "NO_AUTO_VALUE_ON_ZERO";
START TRANSACTION;
SET time_zone = "+00:00";


/*!40101 SET @OLD_CHARACTER_SET_CLIENT=@@CHARACTER_SET_CLIENT */;
/*!40101 SET @OLD_CHARACTER_SET_RESULTS=@@CHARACTER_SET_RESULTS */;
/*!40101 SET @OLD_COLLATION_CONNECTION=@@COLLATION_CONNECTION */;
/*!40101 SET NAMES utf8mb4 */;

--
-- Database: `malinjadb`
--

-- --------------------------------------------------------

--
-- Table structure for table `bed`
--

CREATE TABLE `bed` (
  `bed_id` varchar(5) NOT NULL,
  `availability` int(1) NOT NULL DEFAULT 0,
  `room_id` varchar(5) NOT NULL
) ENGINE=InnoDB DEFAULT CHARSET=utf8mb4;

--
-- Dumping data for table `bed`
--

INSERT INTO `bed` (`bed_id`, `availability`, `room_id`) VALUES
('A0011', 1, 'A001'),
('A0012', 1, 'A001'),
('A0013', 1, 'A001'),
('A0014', 1, 'A001'),
('A0015', 1, 'A001'),
('A0016', 1, 'A001'),
('A0021', 1, 'A002'),
('A0022', 1, 'A002'),
('A0023', 1, 'A002'),
('A0024', 1, 'A002'),
('A0025', 1, 'A002'),
('A0026', 1, 'A002'),
('A0031', 1, 'A003'),
('A0032', 1, 'A003'),
('A0033', 1, 'A003'),
('A0034', 1, 'A003'),
('A0035', 1, 'A003'),
('A0036', 1, 'A003'),
('A0041', 1, 'A004'),
('A0042', 1, 'A004'),
('A0043', 1, 'A004'),
('A0044', 1, 'A004'),
('A0045', 1, 'A004'),
('A0046', 1, 'A004'),
('A0051', 1, 'A005'),
('A0052', 1, 'A005'),
('A0053', 1, 'A005'),
('A0054', 1, 'A005'),
('A0055', 1, 'A005'),
('A0056', 1, 'A005'),
('A0061', 1, 'A006'),
('A0062', 1, 'A006'),
('A0063', 1, 'A006'),
('A0064', 1, 'A006'),
('A0065', 1, 'A006'),
('A0066', 1, 'A006'),
('A0071', 1, 'A007'),
('A0072', 1, 'A007'),
('A0073', 1, 'A007'),
('A0074', 1, 'A007'),
('A0075', 1, 'A007'),
('A0076', 1, 'A007'),
('A0081', 1, 'A008'),
('A0082', 1, 'A008'),
('A0083', 1, 'A008'),
('A0084', 1, 'A008'),
('A0085', 1, 'A008'),
('A0086', 1, 'A008'),
('A0091', 1, 'A009'),
('A0092', 1, 'A009'),
('A0093', 1, 'A009'),
('A0094', 1, 'A009'),
('A0095', 1, 'A009'),
('A0096', 1, 'A009'),
('A0101', 1, 'A010'),
('A0102', 1, 'A010'),
('A0103', 1, 'A010'),
('A0104', 1, 'A010'),
('A0105', 1, 'A010'),
('A0106', 1, 'A010'),
('A0111', 1, 'A011'),
('A0112', 1, 'A011'),
('A0113', 1, 'A011'),
('A0114', 1, 'A011'),
('A0115', 1, 'A011'),
('A0116', 1, 'A011'),
('A0121', 1, 'A012'),
('A0122', 1, 'A012'),
('A0123', 1, 'A012'),
('A0124', 1, 'A012'),
('A0125', 1, 'A012'),
('A0126', 1, 'A012'),
('A0131', 1, 'A013'),
('A0132', 1, 'A013'),
('A0133', 1, 'A013'),
('A0134', 1, 'A013'),
('A0135', 1, 'A013'),
('A0136', 1, 'A013'),
('A0141', 1, 'A014'),
('A0142', 1, 'A014'),
('A0143', 1, 'A014'),
('A0144', 1, 'A014'),
('A0145', 1, 'A014'),
('A0146', 1, 'A014'),
('A0151', 1, 'A015'),
('A0152', 1, 'A015'),
('A0153', 1, 'A015'),
('A0154', 1, 'A015'),
('A0155', 1, 'A015'),
('A0156', 1, 'A015'),
('A0161', 1, 'A016'),
('A0162', 1, 'A016'),
('A0163', 1, 'A016'),
('A0164', 1, 'A016'),
('A0165', 1, 'A016'),
('A0166', 1, 'A016'),
('A0171', 1, 'A017'),
('A0172', 1, 'A017'),
('A0173', 1, 'A017'),
('A0174', 1, 'A017'),
('A0175', 1, 'A017'),
('A0176', 1, 'A017'),
('A0181', 1, 'A018'),
('A0182', 1, 'A018'),
('A0183', 1, 'A018'),
('A0184', 1, 'A018'),
('A0185', 1, 'A018'),
('A0186', 1, 'A018'),
('A0191', 1, 'A019'),
('A0192', 1, 'A019'),
('A0193', 1, 'A019'),
('A0194', 1, 'A019'),
('A0195', 1, 'A019'),
('A0196', 1, 'A019'),
('A0201', 1, 'A020'),
('A0202', 1, 'A020'),
('A0203', 1, 'A020'),
('A0204', 1, 'A020'),
('A0205', 1, 'A020'),
('A0206', 1, 'A020'),
('A0211', 1, 'A021'),
('A0212', 1, 'A021'),
('A0213', 1, 'A021'),
('A0214', 1, 'A021'),
('A0215', 1, 'A021'),
('A0216', 1, 'A021'),
('A0221', 1, 'A022'),
('A0222', 1, 'A022'),
('A0223', 1, 'A022'),
('A0224', 1, 'A022'),
('A0225', 1, 'A022'),
('A0226', 1, 'A022'),
('A0231', 1, 'A023'),
('A0232', 1, 'A023'),
('A0233', 1, 'A023'),
('A0234', 1, 'A023'),
('A0235', 1, 'A023'),
('A0236', 1, 'A023'),
('A0241', 1, 'A024'),
('A0242', 1, 'A024'),
('A0243', 1, 'A024'),
('A0244', 1, 'A024'),
('A0245', 1, 'A024'),
('A0246', 1, 'A024'),
('A0251', 1, 'A025'),
('A0252', 1, 'A025'),
('A0253', 1, 'A025'),
('A0254', 1, 'A025'),
('A0255', 1, 'A025'),
('A0256', 1, 'A025'),
('A1011', 0, 'A101'),
('A1012', 0, 'A101'),
('A1013', 0, 'A101'),
('A1014', 0, 'A101'),
('A1015', 0, 'A101'),
('A1016', 0, 'A101'),
('A1021', 0, 'A102'),
('A1022', 0, 'A102'),
('A1023', 0, 'A102'),
('A1024', 0, 'A102'),
('A1025', 0, 'A102'),
('A1026', 0, 'A102'),
('A1031', 0, 'A103'),
('A1032', 0, 'A103'),
('A1033', 0, 'A103'),
('A1034', 0, 'A103'),
('A1035', 0, 'A103'),
('A1036', 0, 'A103'),
('A1041', 0, 'A104'),
('A1042', 0, 'A104'),
('A1043', 0, 'A104'),
('A1044', 0, 'A104'),
('A1045', 0, 'A104'),
('A1046', 0, 'A104'),
('A1051', 0, 'A105'),
('A1052', 1, 'A105'),
('A1053', 0, 'A105'),
('A1054', 0, 'A105'),
('A1055', 0, 'A105'),
('A1056', 0, 'A105'),
('A1061', 0, 'A106'),
('A1062', 0, 'A106'),
('A1063', 0, 'A106'),
('A1064', 0, 'A106'),
('A1065', 0, 'A106'),
('A1066', 0, 'A106'),
('A1071', 0, 'A107'),
('A1072', 0, 'A107'),
('A1073', 0, 'A107'),
('A1074', 0, 'A107'),
('A1075', 0, 'A107'),
('A1076', 0, 'A107'),
('A1081', 0, 'A108'),
('A1082', 0, 'A108'),
('A1083', 0, 'A108'),
('A1084', 0, 'A108'),
('A1085', 0, 'A108'),
('A1086', 0, 'A108'),
('A1091', 0, 'A109'),
('A1092', 0, 'A109'),
('A1093', 0, 'A109'),
('A1094', 0, 'A109'),
('A1095', 0, 'A109'),
('A1096', 0, 'A109'),
('A1101', 0, 'A110'),
('A1102', 0, 'A110'),
('A1103', 0, 'A110'),
('A1104', 0, 'A110'),
('A1105', 0, 'A110'),
('A1106', 0, 'A110'),
('A1111', 0, 'A111'),
('A1112', 0, 'A111'),
('A1113', 0, 'A111'),
('A1114', 0, 'A111'),
('A1115', 0, 'A111'),
('A1116', 0, 'A111'),
('A1121', 0, 'A112'),
('A1122', 0, 'A112'),
('A1123', 0, 'A112'),
('A1124', 0, 'A112'),
('A1125', 0, 'A112'),
('A1126', 0, 'A112'),
('A1131', 0, 'A113'),
('A1132', 0, 'A113'),
('A1133', 0, 'A113'),
('A1134', 0, 'A113'),
('A1135', 0, 'A113'),
('A1136', 0, 'A113'),
('A1141', 0, 'A114'),
('A1142', 0, 'A114'),
('A1143', 0, 'A114'),
('A1144', 0, 'A114'),
('A1145', 0, 'A114'),
('A1146', 0, 'A114'),
('A1151', 0, 'A115'),
('A1152', 0, 'A115'),
('A1153', 0, 'A115'),
('A1154', 0, 'A115'),
('A1155', 0, 'A115'),
('A1156', 0, 'A115'),
('A1161', 0, 'A116'),
('A1162', 0, 'A116'),
('A1163', 0, 'A116'),
('A1164', 0, 'A116'),
('A1165', 0, 'A116'),
('A1166', 0, 'A116'),
('A1171', 0, 'A117'),
('A1172', 0, 'A117'),
('A1173', 0, 'A117'),
('A1174', 0, 'A117'),
('A1175', 0, 'A117'),
('A1176', 0, 'A117'),
('A1181', 0, 'A118'),
('A1182', 0, 'A118'),
('A1183', 0, 'A118'),
('A1184', 0, 'A118'),
('A1185', 0, 'A118'),
('A1186', 0, 'A118'),
('A1191', 0, 'A119'),
('A1192', 0, 'A119'),
('A1193', 0, 'A119'),
('A1194', 0, 'A119'),
('A1195', 0, 'A119'),
('A1196', 0, 'A119'),
('A1201', 0, 'A120'),
('A1202', 0, 'A120'),
('A1203', 0, 'A120'),
('A1204', 0, 'A120'),
('A1205', 0, 'A120'),
('A1206', 0, 'A120'),
('A1211', 0, 'A121'),
('A1212', 0, 'A121'),
('A1213', 0, 'A121'),
('A1214', 0, 'A121'),
('A1215', 0, 'A121'),
('A1216', 0, 'A121'),
('A1221', 0, 'A122'),
('A1222', 0, 'A122'),
('A1223', 0, 'A122'),
('A1224', 0, 'A122'),
('A1225', 0, 'A122'),
('A1226', 0, 'A122'),
('A1231', 0, 'A123'),
('A1232', 0, 'A123'),
('A1233', 0, 'A123'),
('A1234', 0, 'A123'),
('A1235', 0, 'A123'),
('A1236', 0, 'A123'),
('A1241', 0, 'A124'),
('A1242', 0, 'A124'),
('A1243', 0, 'A124'),
('A1244', 0, 'A124'),
('A1245', 0, 'A124'),
('A1246', 0, 'A124'),
('A1251', 0, 'A125'),
('A1252', 0, 'A125'),
('A1253', 0, 'A125'),
('A1254', 0, 'A125'),
('A1255', 0, 'A125'),
('A1256', 0, 'A125'),
('A2011', 0, 'A201'),
('A2012', 0, 'A201'),
('A2013', 0, 'A201'),
('A2014', 0, 'A201'),
('A2015', 0, 'A201'),
('A2016', 0, 'A201'),
('A2021', 0, 'A202'),
('A2022', 0, 'A202'),
('A2023', 0, 'A202'),
('A2024', 0, 'A202'),
('A2025', 0, 'A202'),
('A2026', 0, 'A202'),
('A2031', 0, 'A203'),
('A2032', 0, 'A203'),
('A2033', 0, 'A203'),
('A2034', 0, 'A203'),
('A2035', 0, 'A203'),
('A2036', 0, 'A203'),
('A2041', 0, 'A204'),
('A2042', 0, 'A204'),
('A2043', 0, 'A204'),
('A2044', 0, 'A204'),
('A2045', 0, 'A204'),
('A2046', 0, 'A204'),
('A2051', 0, 'A205'),
('A2052', 0, 'A205'),
('A2053', 0, 'A205'),
('A2054', 0, 'A205'),
('A2055', 0, 'A205'),
('A2056', 0, 'A205'),
('A2061', 0, 'A206'),
('A2062', 0, 'A206'),
('A2063', 0, 'A206'),
('A2064', 0, 'A206'),
('A2065', 0, 'A206'),
('A2066', 0, 'A206'),
('A2071', 0, 'A207'),
('A2072', 0, 'A207'),
('A2073', 0, 'A207'),
('A2074', 0, 'A207'),
('A2075', 0, 'A207'),
('A2076', 0, 'A207'),
('A2081', 0, 'A208'),
('A2082', 0, 'A208'),
('A2083', 0, 'A208'),
('A2084', 0, 'A208'),
('A2085', 0, 'A208'),
('A2086', 0, 'A208'),
('A2091', 0, 'A209'),
('A2092', 0, 'A209'),
('A2093', 0, 'A209'),
('A2094', 1, 'A209'),
('A2095', 0, 'A209'),
('A2096', 0, 'A209'),
('A2101', 0, 'A210'),
('A2102', 0, 'A210'),
('A2103', 0, 'A210'),
('A2104', 0, 'A210'),
('A2105', 0, 'A210'),
('A2106', 0, 'A210'),
('A2111', 0, 'A211'),
('A2112', 0, 'A211'),
('A2113', 0, 'A211'),
('A2114', 0, 'A211'),
('A2115', 0, 'A211'),
('A2116', 0, 'A211'),
('A2121', 0, 'A212'),
('A2122', 0, 'A212'),
('A2123', 0, 'A212'),
('A2124', 0, 'A212'),
('A2125', 0, 'A212'),
('A2126', 0, 'A212'),
('A2131', 0, 'A213'),
('A2132', 0, 'A213'),
('A2133', 0, 'A213'),
('A2134', 0, 'A213'),
('A2135', 0, 'A213'),
('A2136', 0, 'A213'),
('A2141', 0, 'A214'),
('A2142', 0, 'A214'),
('A2143', 0, 'A214'),
('A2144', 0, 'A214'),
('A2145', 0, 'A214'),
('A2146', 0, 'A214'),
('A2151', 0, 'A215'),
('A2152', 0, 'A215'),
('A2153', 0, 'A215'),
('A2154', 0, 'A215'),
('A2155', 0, 'A215'),
('A2156', 0, 'A215'),
('A2161', 0, 'A216'),
('A2162', 0, 'A216'),
('A2163', 0, 'A216'),
('A2164', 0, 'A216'),
('A2165', 0, 'A216'),
('A2166', 0, 'A216'),
('A2171', 0, 'A217'),
('A2172', 0, 'A217'),
('A2173', 0, 'A217'),
('A2174', 0, 'A217'),
('A2175', 0, 'A217'),
('A2176', 0, 'A217'),
('A2181', 0, 'A218'),
('A2182', 0, 'A218'),
('A2183', 0, 'A218'),
('A2184', 0, 'A218'),
('A2185', 0, 'A218'),
('A2186', 0, 'A218'),
('A2191', 0, 'A219'),
('A2192', 0, 'A219'),
('A2193', 0, 'A219'),
('A2194', 0, 'A219'),
('A2195', 0, 'A219'),
('A2196', 0, 'A219'),
('A2201', 0, 'A220'),
('A2202', 0, 'A220'),
('A2203', 0, 'A220'),
('A2204', 0, 'A220'),
('A2205', 0, 'A220'),
('A2206', 0, 'A220'),
('A2211', 0, 'A221'),
('A2212', 0, 'A221'),
('A2213', 0, 'A221'),
('A2214', 0, 'A221'),
('A2215', 0, 'A221'),
('A2216', 0, 'A221'),
('A2221', 0, 'A222'),
('A2222', 0, 'A222'),
('A2223', 0, 'A222'),
('A2224', 0, 'A222'),
('A2225', 0, 'A222'),
('A2226', 0, 'A222'),
('A2231', 0, 'A223'),
('A2232', 0, 'A223'),
('A2233', 0, 'A223'),
('A2234', 0, 'A223'),
('A2235', 0, 'A223'),
('A2236', 0, 'A223'),
('A2241', 0, 'A224'),
('A2242', 0, 'A224'),
('A2243', 0, 'A224'),
('A2244', 0, 'A224'),
('A2245', 0, 'A224'),
('A2246', 0, 'A224'),
('A2251', 0, 'A225'),
('A2252', 0, 'A225'),
('A2253', 0, 'A225'),
('A2254', 0, 'A225'),
('A2255', 0, 'A225'),
('A2256', 0, 'A225'),
('A3011', 1, 'A301'),
('A3012', 1, 'A301'),
('A3013', 1, 'A301'),
('A3014', 1, 'A301'),
('A3015', 1, 'A301'),
('A3016', 1, 'A301'),
('A3021', 1, 'A302'),
('A3022', 1, 'A302'),
('A3023', 1, 'A302'),
('A3024', 1, 'A302'),
('A3025', 1, 'A302'),
('A3026', 1, 'A302'),
('A3031', 1, 'A303'),
('A3032', 1, 'A303'),
('A3033', 1, 'A303'),
('A3034', 1, 'A303'),
('A3035', 1, 'A303'),
('A3036', 1, 'A303'),
('A3041', 1, 'A304'),
('A3042', 1, 'A304'),
('A3043', 1, 'A304'),
('A3044', 1, 'A304'),
('A3045', 1, 'A304'),
('A3046', 1, 'A304'),
('A3051', 1, 'A305'),
('A3052', 1, 'A305'),
('A3053', 1, 'A305'),
('A3054', 1, 'A305'),
('A3055', 1, 'A305'),
('A3056', 1, 'A305'),
('A3061', 1, 'A306'),
('A3062', 1, 'A306'),
('A3063', 1, 'A306'),
('A3064', 1, 'A306'),
('A3065', 1, 'A306'),
('A3066', 1, 'A306'),
('A3071', 1, 'A307'),
('A3072', 1, 'A307'),
('A3073', 1, 'A307'),
('A3074', 1, 'A307'),
('A3075', 1, 'A307'),
('A3076', 1, 'A307'),
('A3081', 1, 'A308'),
('A3082', 1, 'A308'),
('A3083', 1, 'A308'),
('A3084', 1, 'A308'),
('A3085', 1, 'A308'),
('A3086', 1, 'A308'),
('A3091', 1, 'A309'),
('A3092', 1, 'A309'),
('A3093', 1, 'A309'),
('A3094', 1, 'A309'),
('A3095', 1, 'A309'),
('A3096', 1, 'A309'),
('A3101', 1, 'A310'),
('A3102', 1, 'A310'),
('A3103', 1, 'A310'),
('A3104', 1, 'A310'),
('A3105', 1, 'A310'),
('A3106', 1, 'A310'),
('A3111', 1, 'A311'),
('A3112', 1, 'A311'),
('A3113', 1, 'A311'),
('A3114', 1, 'A311'),
('A3115', 1, 'A311'),
('A3116', 1, 'A311'),
('A3121', 1, 'A312'),
('A3122', 1, 'A312'),
('A3123', 1, 'A312'),
('A3124', 1, 'A312'),
('A3125', 1, 'A312'),
('A3126', 1, 'A312'),
('A3131', 1, 'A313'),
('A3132', 1, 'A313'),
('A3133', 1, 'A313'),
('A3134', 1, 'A313'),
('A3135', 1, 'A313'),
('A3136', 1, 'A313'),
('A3141', 1, 'A314'),
('A3142', 1, 'A314'),
('A3143', 1, 'A314'),
('A3144', 1, 'A314'),
('A3145', 1, 'A314'),
('A3146', 1, 'A314'),
('A3151', 1, 'A315'),
('A3152', 1, 'A315'),
('A3153', 1, 'A315'),
('A3154', 1, 'A315'),
('A3155', 1, 'A315'),
('A3156', 1, 'A315'),
('A3161', 1, 'A316'),
('A3162', 1, 'A316'),
('A3163', 1, 'A316'),
('A3164', 1, 'A316'),
('A3165', 1, 'A316'),
('A3166', 1, 'A316'),
('A3171', 1, 'A317'),
('A3172', 1, 'A317'),
('A3173', 1, 'A317'),
('A3174', 1, 'A317'),
('A3175', 1, 'A317'),
('A3176', 1, 'A317'),
('A3181', 1, 'A318'),
('A3182', 1, 'A318'),
('A3183', 1, 'A318'),
('A3184', 1, 'A318'),
('A3185', 1, 'A318'),
('A3186', 1, 'A318'),
('A3191', 1, 'A319'),
('A3192', 1, 'A319'),
('A3193', 1, 'A319'),
('A3194', 1, 'A319'),
('A3195', 1, 'A319'),
('A3196', 1, 'A319'),
('A3201', 1, 'A320'),
('A3202', 1, 'A320'),
('A3203', 1, 'A320'),
('A3204', 1, 'A320'),
('A3205', 1, 'A320'),
('A3206', 1, 'A320'),
('A3211', 1, 'A321'),
('A3212', 1, 'A321'),
('A3213', 1, 'A321'),
('A3214', 1, 'A321'),
('A3215', 1, 'A321'),
('A3216', 1, 'A321'),
('A3221', 1, 'A322'),
('A3222', 1, 'A322'),
('A3223', 1, 'A322'),
('A3224', 1, 'A322'),
('A3225', 1, 'A322'),
('A3226', 1, 'A322'),
('A3231', 1, 'A323'),
('A3232', 1, 'A323'),
('A3233', 1, 'A323'),
('A3234', 1, 'A323'),
('A3235', 1, 'A323'),
('A3236', 1, 'A323'),
('A3241', 1, 'A324'),
('A3242', 1, 'A324'),
('A3243', 1, 'A324'),
('A3244', 1, 'A324'),
('A3245', 1, 'A324'),
('A3246', 1, 'A324'),
('A3251', 1, 'A325'),
('A3252', 1, 'A325'),
('A3253', 1, 'A325'),
('A3254', 1, 'A325'),
('A3255', 1, 'A325'),
('A3256', 1, 'A325'),
('B0011', 0, 'B001'),
('B0012', 0, 'B001'),
('B0013', 0, 'B001'),
('B0014', 0, 'B001'),
('B0015', 0, 'B001'),
('B0016', 0, 'B001'),
('B0021', 0, 'B002'),
('B0022', 0, 'B002'),
('B0023', 0, 'B002'),
('B0024', 0, 'B002'),
('B0025', 0, 'B002'),
('B0026', 0, 'B002'),
('B0031', 0, 'B003'),
('B0032', 0, 'B003'),
('B0033', 0, 'B003'),
('B0034', 0, 'B003'),
('B0035', 0, 'B003'),
('B0036', 0, 'B003'),
('B0041', 0, 'B004'),
('B0042', 0, 'B004'),
('B0043', 0, 'B004'),
('B0044', 0, 'B004'),
('B0045', 0, 'B004'),
('B0046', 0, 'B004'),
('B0051', 0, 'B005'),
('B0052', 0, 'B005'),
('B0053', 0, 'B005'),
('B0054', 0, 'B005'),
('B0055', 0, 'B005'),
('B0056', 0, 'B005'),
('B0061', 0, 'B006'),
('B0062', 0, 'B006'),
('B0063', 0, 'B006'),
('B0064', 0, 'B006'),
('B0065', 0, 'B006'),
('B0066', 0, 'B006'),
('B0071', 0, 'B007'),
('B0072', 0, 'B007'),
('B0073', 0, 'B007'),
('B0074', 0, 'B007'),
('B0075', 0, 'B007'),
('B0076', 0, 'B007'),
('B0081', 0, 'B008'),
('B0082', 0, 'B008'),
('B0083', 0, 'B008'),
('B0084', 0, 'B008'),
('B0085', 0, 'B008'),
('B0086', 0, 'B008'),
('B0091', 0, 'B009'),
('B0092', 0, 'B009'),
('B0093', 0, 'B009'),
('B0094', 0, 'B009'),
('B0095', 0, 'B009'),
('B0096', 0, 'B009'),
('B0101', 0, 'B010'),
('B0102', 0, 'B010'),
('B0103', 0, 'B010'),
('B0104', 0, 'B010'),
('B0105', 0, 'B010'),
('B0106', 0, 'B010'),
('B0111', 0, 'B011'),
('B0112', 0, 'B011'),
('B0113', 0, 'B011'),
('B0114', 0, 'B011'),
('B0115', 0, 'B011'),
('B0116', 0, 'B011'),
('B0121', 0, 'B012'),
('B0122', 0, 'B012'),
('B0123', 0, 'B012'),
('B0124', 0, 'B012'),
('B0125', 0, 'B012'),
('B0126', 0, 'B012'),
('B0131', 0, 'B013'),
('B0132', 0, 'B013'),
('B0133', 0, 'B013'),
('B0134', 0, 'B013'),
('B0135', 0, 'B013'),
('B0136', 0, 'B013'),
('B0141', 0, 'B014'),
('B0142', 0, 'B014'),
('B0143', 0, 'B014'),
('B0144', 0, 'B014'),
('B0145', 0, 'B014'),
('B0146', 0, 'B014'),
('B0151', 0, 'B015'),
('B0152', 0, 'B015'),
('B0153', 0, 'B015'),
('B0154', 0, 'B015'),
('B0155', 0, 'B015'),
('B0156', 0, 'B015'),
('B0161', 0, 'B016'),
('B0162', 0, 'B016'),
('B0163', 0, 'B016'),
('B0164', 0, 'B016'),
('B0165', 0, 'B016'),
('B0166', 0, 'B016'),
('B0171', 0, 'B017'),
('B0172', 0, 'B017'),
('B0173', 0, 'B017'),
('B0174', 0, 'B017'),
('B0175', 0, 'B017'),
('B0176', 0, 'B017'),
('B0181', 0, 'B018'),
('B0182', 0, 'B018'),
('B0183', 0, 'B018'),
('B0184', 0, 'B018'),
('B0185', 0, 'B018'),
('B0186', 0, 'B018'),
('B0191', 0, 'B019'),
('B0192', 0, 'B019'),
('B0193', 0, 'B019'),
('B0194', 0, 'B019'),
('B0195', 0, 'B019'),
('B0196', 0, 'B019'),
('B0201', 0, 'B020'),
('B0202', 0, 'B020'),
('B0203', 0, 'B020'),
('B0204', 0, 'B020'),
('B0205', 0, 'B020'),
('B0206', 0, 'B020'),
('B0211', 0, 'B021'),
('B0212', 0, 'B021'),
('B0213', 0, 'B021'),
('B0214', 0, 'B021'),
('B0215', 0, 'B021'),
('B0216', 0, 'B021'),
('B0221', 0, 'B022'),
('B0222', 0, 'B022'),
('B0223', 0, 'B022'),
('B0224', 0, 'B022'),
('B0225', 0, 'B022'),
('B0226', 0, 'B022'),
('B0231', 0, 'B023'),
('B0232', 0, 'B023'),
('B0233', 0, 'B023'),
('B0234', 0, 'B023'),
('B0235', 0, 'B023'),
('B0236', 0, 'B023'),
('B0241', 0, 'B024'),
('B0242', 0, 'B024'),
('B0243', 0, 'B024'),
('B0244', 0, 'B024'),
('B0245', 0, 'B024'),
('B0246', 0, 'B024'),
('B0251', 0, 'B025'),
('B0252', 0, 'B025'),
('B0253', 0, 'B025'),
('B0254', 0, 'B025'),
('B0255', 0, 'B025'),
('B0256', 0, 'B025'),
('B1011', 1, 'B101'),
('B1012', 1, 'B101'),
('B1013', 1, 'B101'),
('B1014', 1, 'B101'),
('B1015', 1, 'B101'),
('B1016', 1, 'B101'),
('B1021', 1, 'B102'),
('B1022', 1, 'B102'),
('B1023', 1, 'B102'),
('B1024', 1, 'B102'),
('B1025', 1, 'B102'),
('B1026', 1, 'B102'),
('B1031', 1, 'B103'),
('B1032', 1, 'B103'),
('B1033', 1, 'B103'),
('B1034', 1, 'B103'),
('B1035', 1, 'B103'),
('B1036', 1, 'B103'),
('B1041', 1, 'B104'),
('B1042', 1, 'B104'),
('B1043', 1, 'B104'),
('B1044', 1, 'B104'),
('B1045', 1, 'B104'),
('B1046', 1, 'B104'),
('B1051', 1, 'B105'),
('B1052', 1, 'B105'),
('B1053', 1, 'B105'),
('B1054', 1, 'B105'),
('B1055', 1, 'B105'),
('B1056', 1, 'B105'),
('B1061', 1, 'B106'),
('B1062', 1, 'B106'),
('B1063', 1, 'B106'),
('B1064', 1, 'B106'),
('B1065', 1, 'B106'),
('B1066', 1, 'B106'),
('B1071', 1, 'B107'),
('B1072', 1, 'B107'),
('B1073', 1, 'B107'),
('B1074', 1, 'B107'),
('B1075', 1, 'B107'),
('B1076', 1, 'B107'),
('B1081', 1, 'B108'),
('B1082', 1, 'B108'),
('B1083', 1, 'B108'),
('B1084', 1, 'B108'),
('B1085', 1, 'B108'),
('B1086', 1, 'B108'),
('B1091', 1, 'B109'),
('B1092', 1, 'B109'),
('B1093', 1, 'B109'),
('B1094', 1, 'B109'),
('B1095', 1, 'B109'),
('B1096', 1, 'B109'),
('B1101', 1, 'B110'),
('B1102', 1, 'B110'),
('B1103', 1, 'B110'),
('B1104', 1, 'B110'),
('B1105', 1, 'B110'),
('B1106', 1, 'B110'),
('B1111', 1, 'B111'),
('B1112', 1, 'B111'),
('B1113', 1, 'B111'),
('B1114', 1, 'B111'),
('B1115', 1, 'B111'),
('B1116', 1, 'B111'),
('B1121', 1, 'B112'),
('B1122', 1, 'B112'),
('B1123', 1, 'B112'),
('B1124', 1, 'B112'),
('B1125', 1, 'B112'),
('B1126', 1, 'B112'),
('B1131', 1, 'B113'),
('B1132', 1, 'B113'),
('B1133', 1, 'B113'),
('B1134', 1, 'B113'),
('B1135', 1, 'B113'),
('B1136', 1, 'B113'),
('B1141', 1, 'B114'),
('B1142', 1, 'B114'),
('B1143', 1, 'B114'),
('B1144', 1, 'B114'),
('B1145', 1, 'B114'),
('B1146', 1, 'B114'),
('B1151', 1, 'B115'),
('B1152', 1, 'B115'),
('B1153', 1, 'B115'),
('B1154', 1, 'B115'),
('B1155', 1, 'B115'),
('B1156', 1, 'B115'),
('B1161', 1, 'B116'),
('B1162', 1, 'B116'),
('B1163', 1, 'B116'),
('B1164', 1, 'B116'),
('B1165', 1, 'B116'),
('B1166', 1, 'B116'),
('B1171', 1, 'B117'),
('B1172', 1, 'B117'),
('B1173', 1, 'B117'),
('B1174', 1, 'B117'),
('B1175', 1, 'B117'),
('B1176', 1, 'B117'),
('B1181', 1, 'B118'),
('B1182', 1, 'B118'),
('B1183', 1, 'B118'),
('B1184', 1, 'B118'),
('B1185', 1, 'B118'),
('B1186', 1, 'B118'),
('B1191', 1, 'B119'),
('B1192', 1, 'B119'),
('B1193', 1, 'B119'),
('B1194', 1, 'B119'),
('B1195', 1, 'B119'),
('B1196', 1, 'B119'),
('B1201', 1, 'B120'),
('B1202', 1, 'B120'),
('B1203', 1, 'B120'),
('B1204', 1, 'B120'),
('B1205', 1, 'B120'),
('B1206', 1, 'B120'),
('B1211', 1, 'B121'),
('B1212', 1, 'B121'),
('B1213', 1, 'B121'),
('B1214', 1, 'B121'),
('B1215', 1, 'B121'),
('B1216', 1, 'B121'),
('B1221', 1, 'B122'),
('B1222', 1, 'B122'),
('B1223', 1, 'B122'),
('B1224', 1, 'B122'),
('B1225', 1, 'B122'),
('B1226', 1, 'B122'),
('B1231', 1, 'B123'),
('B1232', 1, 'B123'),
('B1233', 1, 'B123'),
('B1234', 1, 'B123'),
('B1235', 1, 'B123'),
('B1236', 1, 'B123'),
('B1241', 1, 'B124'),
('B1242', 1, 'B124'),
('B1243', 1, 'B124'),
('B1244', 1, 'B124'),
('B1245', 1, 'B124'),
('B1246', 1, 'B124'),
('B1251', 1, 'B125'),
('B1252', 1, 'B125'),
('B1253', 1, 'B125'),
('B1254', 1, 'B125'),
('B1255', 1, 'B125'),
('B1256', 1, 'B125'),
('B2011', 1, 'B201'),
('B2012', 1, 'B201'),
('B2013', 1, 'B201'),
('B2014', 1, 'B201'),
('B2015', 1, 'B201'),
('B2016', 1, 'B201'),
('B2021', 1, 'B202'),
('B2022', 1, 'B202'),
('B2023', 1, 'B202'),
('B2024', 1, 'B202'),
('B2025', 1, 'B202'),
('B2026', 1, 'B202'),
('B2031', 1, 'B203'),
('B2032', 1, 'B203'),
('B2033', 1, 'B203'),
('B2034', 1, 'B203'),
('B2035', 1, 'B203'),
('B2036', 1, 'B203'),
('B2041', 1, 'B204'),
('B2042', 1, 'B204'),
('B2043', 1, 'B204'),
('B2044', 1, 'B204'),
('B2045', 1, 'B204'),
('B2046', 1, 'B204'),
('B2051', 1, 'B205'),
('B2052', 1, 'B205'),
('B2053', 1, 'B205'),
('B2054', 1, 'B205'),
('B2055', 1, 'B205'),
('B2056', 1, 'B205'),
('B2061', 1, 'B206'),
('B2062', 1, 'B206'),
('B2063', 1, 'B206'),
('B2064', 1, 'B206'),
('B2065', 1, 'B206'),
('B2066', 1, 'B206'),
('B2071', 1, 'B207'),
('B2072', 1, 'B207'),
('B2073', 1, 'B207'),
('B2074', 1, 'B207'),
('B2075', 1, 'B207'),
('B2076', 1, 'B207'),
('B2081', 1, 'B208'),
('B2082', 1, 'B208'),
('B2083', 1, 'B208'),
('B2084', 1, 'B208'),
('B2085', 1, 'B208'),
('B2086', 1, 'B208'),
('B2091', 1, 'B209'),
('B2092', 1, 'B209'),
('B2093', 1, 'B209'),
('B2094', 1, 'B209'),
('B2095', 1, 'B209'),
('B2096', 1, 'B209'),
('B2101', 1, 'B210'),
('B2102', 1, 'B210'),
('B2103', 1, 'B210'),
('B2104', 1, 'B210'),
('B2105', 1, 'B210'),
('B2106', 1, 'B210'),
('B2111', 1, 'B211'),
('B2112', 1, 'B211'),
('B2113', 1, 'B211'),
('B2114', 1, 'B211'),
('B2115', 1, 'B211'),
('B2116', 1, 'B211'),
('B2121', 1, 'B212'),
('B2122', 1, 'B212'),
('B2123', 1, 'B212'),
('B2124', 1, 'B212'),
('B2125', 1, 'B212'),
('B2126', 1, 'B212'),
('B2131', 1, 'B213'),
('B2132', 1, 'B213'),
('B2133', 1, 'B213'),
('B2134', 1, 'B213'),
('B2135', 1, 'B213'),
('B2136', 1, 'B213'),
('B2141', 1, 'B214'),
('B2142', 1, 'B214'),
('B2143', 1, 'B214'),
('B2144', 1, 'B214'),
('B2145', 1, 'B214'),
('B2146', 1, 'B214'),
('B2151', 1, 'B215'),
('B2152', 1, 'B215'),
('B2153', 1, 'B215'),
('B2154', 1, 'B215'),
('B2155', 1, 'B215'),
('B2156', 1, 'B215'),
('B2161', 1, 'B216'),
('B2162', 1, 'B216'),
('B2163', 1, 'B216'),
('B2164', 1, 'B216'),
('B2165', 1, 'B216'),
('B2166', 1, 'B216'),
('B2171', 1, 'B217'),
('B2172', 1, 'B217'),
('B2173', 1, 'B217'),
('B2174', 1, 'B217'),
('B2175', 1, 'B217'),
('B2176', 1, 'B217'),
('B2181', 1, 'B218'),
('B2182', 1, 'B218'),
('B2183', 1, 'B218'),
('B2184', 1, 'B218'),
('B2185', 1, 'B218'),
('B2186', 1, 'B218'),
('B2191', 1, 'B219'),
('B2192', 1, 'B219'),
('B2193', 1, 'B219'),
('B2194', 1, 'B219'),
('B2195', 1, 'B219'),
('B2196', 1, 'B219'),
('B2201', 1, 'B220'),
('B2202', 1, 'B220'),
('B2203', 1, 'B220'),
('B2204', 1, 'B220'),
('B2205', 1, 'B220'),
('B2206', 1, 'B220'),
('B2211', 1, 'B221'),
('B2212', 1, 'B221'),
('B2213', 1, 'B221'),
('B2214', 1, 'B221'),
('B2215', 1, 'B221'),
('B2216', 1, 'B221'),
('B2221', 1, 'B222'),
('B2222', 1, 'B222'),
('B2223', 1, 'B222'),
('B2224', 1, 'B222'),
('B2225', 1, 'B222'),
('B2226', 1, 'B222'),
('B2231', 1, 'B223'),
('B2232', 1, 'B223'),
('B2233', 1, 'B223'),
('B2234', 1, 'B223'),
('B2235', 1, 'B223'),
('B2236', 1, 'B223'),
('B2241', 1, 'B224'),
('B2242', 1, 'B224'),
('B2243', 1, 'B224'),
('B2244', 1, 'B224'),
('B2245', 1, 'B224'),
('B2246', 1, 'B224'),
('B2251', 1, 'B225'),
('B2252', 1, 'B225'),
('B2253', 1, 'B225'),
('B2254', 1, 'B225'),
('B2255', 1, 'B225'),
('B2256', 1, 'B225'),
('B3011', 1, 'B301'),
('B3012', 1, 'B301'),
('B3013', 1, 'B301'),
('B3014', 1, 'B301'),
('B3015', 1, 'B301'),
('B3016', 1, 'B301'),
('B3021', 1, 'B302'),
('B3022', 1, 'B302'),
('B3023', 1, 'B302'),
('B3024', 1, 'B302'),
('B3025', 1, 'B302'),
('B3026', 1, 'B302'),
('B3031', 1, 'B303'),
('B3032', 1, 'B303'),
('B3033', 1, 'B303'),
('B3034', 1, 'B303'),
('B3035', 1, 'B303'),
('B3036', 1, 'B303'),
('B3041', 1, 'B304'),
('B3042', 1, 'B304'),
('B3043', 1, 'B304'),
('B3044', 1, 'B304'),
('B3045', 1, 'B304'),
('B3046', 1, 'B304'),
('B3051', 1, 'B305'),
('B3052', 1, 'B305'),
('B3053', 1, 'B305'),
('B3054', 1, 'B305'),
('B3055', 1, 'B305'),
('B3056', 1, 'B305'),
('B3061', 1, 'B306'),
('B3062', 1, 'B306'),
('B3063', 1, 'B306'),
('B3064', 1, 'B306'),
('B3065', 1, 'B306'),
('B3066', 1, 'B306'),
('B3071', 1, 'B307'),
('B3072', 1, 'B307'),
('B3073', 1, 'B307'),
('B3074', 1, 'B307'),
('B3075', 1, 'B307'),
('B3076', 1, 'B307'),
('B3081', 1, 'B308'),
('B3082', 1, 'B308'),
('B3083', 1, 'B308'),
('B3084', 1, 'B308'),
('B3085', 1, 'B308'),
('B3086', 1, 'B308'),
('B3091', 1, 'B309'),
('B3092', 1, 'B309'),
('B3093', 1, 'B309'),
('B3094', 1, 'B309'),
('B3095', 1, 'B309'),
('B3096', 1, 'B309'),
('B3101', 1, 'B310'),
('B3102', 1, 'B310'),
('B3103', 1, 'B310'),
('B3104', 1, 'B310'),
('B3105', 1, 'B310'),
('B3106', 1, 'B310'),
('B3111', 1, 'B311'),
('B3112', 1, 'B311'),
('B3113', 1, 'B311'),
('B3114', 1, 'B311'),
('B3115', 1, 'B311'),
('B3116', 1, 'B311'),
('B3121', 1, 'B312'),
('B3122', 1, 'B312'),
('B3123', 1, 'B312'),
('B3124', 1, 'B312'),
('B3125', 1, 'B312'),
('B3126', 1, 'B312'),
('B3131', 1, 'B313'),
('B3132', 1, 'B313'),
('B3133', 1, 'B313'),
('B3134', 1, 'B313'),
('B3135', 1, 'B313'),
('B3136', 1, 'B313'),
('B3141', 1, 'B314'),
('B3142', 1, 'B314'),
('B3143', 1, 'B314'),
('B3144', 1, 'B314'),
('B3145', 1, 'B314'),
('B3146', 1, 'B314'),
('B3151', 1, 'B315'),
('B3152', 1, 'B315'),
('B3153', 1, 'B315'),
('B3154', 1, 'B315'),
('B3155', 1, 'B315'),
('B3156', 1, 'B315'),
('B3161', 1, 'B316'),
('B3162', 1, 'B316'),
('B3163', 1, 'B316'),
('B3164', 1, 'B316'),
('B3165', 1, 'B316'),
('B3166', 1, 'B316'),
('B3171', 1, 'B317'),
('B3172', 1, 'B317'),
('B3173', 1, 'B317'),
('B3174', 1, 'B317'),
('B3175', 1, 'B317'),
('B3176', 1, 'B317'),
('B3181', 1, 'B318'),
('B3182', 1, 'B318'),
('B3183', 1, 'B318'),
('B3184', 1, 'B318'),
('B3185', 1, 'B318'),
('B3186', 1, 'B318'),
('B3191', 1, 'B319'),
('B3192', 1, 'B319'),
('B3193', 1, 'B319'),
('B3194', 1, 'B319'),
('B3195', 1, 'B319'),
('B3196', 1, 'B319'),
('B3201', 1, 'B320'),
('B3202', 1, 'B320'),
('B3203', 1, 'B320'),
('B3204', 1, 'B320'),
('B3205', 1, 'B320'),
('B3206', 1, 'B320'),
('B3211', 1, 'B321'),
('B3212', 1, 'B321'),
('B3213', 1, 'B321'),
('B3214', 1, 'B321'),
('B3215', 1, 'B321'),
('B3216', 1, 'B321'),
('B3221', 1, 'B322'),
('B3222', 1, 'B322'),
('B3223', 1, 'B322'),
('B3224', 1, 'B322'),
('B3225', 1, 'B322'),
('B3226', 1, 'B322'),
('B3231', 1, 'B323'),
('B3232', 1, 'B323'),
('B3233', 1, 'B323'),
('B3234', 1, 'B323'),
('B3235', 1, 'B323'),
('B3236', 1, 'B323'),
('B3241', 1, 'B324'),
('B3242', 1, 'B324'),
('B3243', 1, 'B324'),
('B3244', 1, 'B324'),
('B3245', 1, 'B324'),
('B3246', 1, 'B324'),
('B3251', 1, 'B325'),
('B3252', 1, 'B325'),
('B3253', 1, 'B325'),
('B3254', 1, 'B325'),
('B3255', 1, 'B325'),
('B3256', 1, 'B325');

-- --------------------------------------------------------

--
-- Table structure for table `dependant`
--

CREATE TABLE `dependant` (
  `dependant_ic` bigint(13) NOT NULL,
  `name` varchar(255) NOT NULL,
  `telephone` varchar(12) NOT NULL,
  `address` varchar(255) NOT NULL,
  `email` varchar(255) NOT NULL,
  `relationship` varchar(255) NOT NULL
) ENGINE=InnoDB DEFAULT CHARSET=utf8mb4;

--
-- Dumping data for table `dependant`
--

INSERT INTO `dependant` (`dependant_ic`, `name`, `telephone`, `address`, `email`, `relationship`) VALUES
(2070507082, 'Abdul Majid', '0178766546', '16, Medan Berjaya, Taman Coolio, 14300 Nibong Tebal, Pulau Pinang', 'Abdulmajid@gmail.com', 'Father'),
(20573857861, 'abu', '0178499027', 'alihouse', 'abu@abu.abu', 'parent');

-- --------------------------------------------------------

--
-- Table structure for table `reserve`
--

CREATE TABLE `reserve` (
  `reserve_id` int(11) NOT NULL,
  `timestamp` timestamp NOT NULL DEFAULT current_timestamp() ON UPDATE current_timestamp(),
  `user_id` int(11) NOT NULL,
  `bed_id` varchar(5) NOT NULL,
  `status` int(11) NOT NULL DEFAULT 0
) ENGINE=InnoDB DEFAULT CHARSET=utf8mb4;

-- --------------------------------------------------------

--
-- Table structure for table `room`
--

CREATE TABLE `room` (
  `room_id` varchar(5) NOT NULL,
  `total_resident` int(1) NOT NULL,
  `availability` tinyint(1) NOT NULL DEFAULT 0
) ENGINE=InnoDB DEFAULT CHARSET=utf8mb4;

--
-- Dumping data for table `room`
--

INSERT INTO `room` (`room_id`, `total_resident`, `availability`) VALUES
('A001', 0, 1),
('A002', 0, 1),
('A003', 0, 1),
('A004', 0, 1),
('A005', 0, 1),
('A006', 0, 1),
('A007', 0, 1),
('A008', 0, 1),
('A009', 0, 1),
('A010', 0, 1),
('A011', 0, 1),
('A012', 0, 1),
('A013', 0, 1),
('A014', 0, 1),
('A015', 0, 1),
('A016', 0, 1),
('A017', 0, 1),
('A018', 0, 1),
('A019', 0, 1),
('A020', 0, 1),
('A021', 0, 1),
('A022', 0, 1),
('A023', 0, 1),
('A024', 0, 1),
('A025', 0, 1),
('A101', 6, 0),
('A102', 6, 0),
('A103', 6, 0),
('A104', 6, 0),
('A105', 5, 1),
('A106', 6, 0),
('A107', 6, 0),
('A108', 6, 0),
('A109', 6, 0),
('A110', 6, 0),
('A111', 6, 0),
('A112', 6, 0),
('A113', 6, 0),
('A114', 6, 0),
('A115', 6, 0),
('A116', 6, 0),
('A117', 6, 0),
('A118', 6, 0),
('A119', 6, 0),
('A120', 6, 0),
('A121', 6, 0),
('A122', 6, 0),
('A123', 6, 0),
('A124', 6, 0),
('A125', 6, 0),
('A201', 6, 0),
('A202', 6, 0),
('A203', 6, 0),
('A204', 6, 0),
('A205', 6, 0),
('A206', 6, 0),
('A207', 6, 0),
('A208', 6, 0),
('A209', 5, 1),
('A210', 6, 0),
('A211', 6, 0),
('A212', 6, 0),
('A213', 6, 0),
('A214', 6, 0),
('A215', 6, 0),
('A216', 6, 0),
('A217', 6, 0),
('A218', 6, 0),
('A219', 6, 0),
('A220', 6, 0),
('A221', 6, 0),
('A222', 6, 0),
('A223', 6, 0),
('A224', 6, 0),
('A225', 6, 0),
('A301', 0, 1),
('A302', 0, 1),
('A303', 0, 1),
('A304', 0, 1),
('A305', 0, 1),
('A306', 0, 1),
('A307', 0, 1),
('A308', 0, 1),
('A309', 0, 1),
('A310', 0, 1),
('A311', 0, 1),
('A312', 0, 1),
('A313', 0, 1),
('A314', 0, 1),
('A315', 0, 1),
('A316', 0, 1),
('A317', 0, 1),
('A318', 0, 1),
('A319', 0, 1),
('A320', 0, 1),
('A321', 0, 1),
('A322', 0, 1),
('A323', 0, 1),
('A324', 0, 1),
('A325', 0, 1),
('B001', 6, 0),
('B002', 6, 0),
('B003', 6, 0),
('B004', 6, 0),
('B005', 6, 0),
('B006', 6, 0),
('B007', 6, 0),
('B008', 6, 0),
('B009', 6, 0),
('B010', 6, 0),
('B011', 6, 0),
('B012', 6, 0),
('B013', 6, 0),
('B014', 6, 0),
('B015', 6, 0),
('B016', 6, 0),
('B017', 6, 0),
('B018', 6, 0),
('B019', 6, 0),
('B020', 6, 0),
('B021', 6, 0),
('B022', 6, 0),
('B023', 6, 0),
('B024', 6, 0),
('B025', 6, 0),
('B101', 0, 1),
('B102', 0, 1),
('B103', 0, 1),
('B104', 0, 1),
('B105', 0, 1),
('B106', 0, 1),
('B107', 0, 1),
('B108', 0, 1),
('B109', 0, 1),
('B110', 0, 1),
('B111', 0, 1),
('B112', 0, 1),
('B113', 0, 1),
('B114', 0, 1),
('B115', 0, 1),
('B116', 0, 1),
('B117', 0, 1),
('B118', 0, 1),
('B119', 0, 1),
('B120', 0, 1),
('B121', 0, 1),
('B122', 0, 1),
('B123', 0, 1),
('B124', 0, 1),
('B125', 0, 1),
('B201', 0, 1),
('B202', 0, 1),
('B203', 0, 1),
('B204', 0, 1),
('B205', 0, 1),
('B206', 0, 1),
('B207', 0, 1),
('B208', 0, 1),
('B209', 0, 1),
('B210', 0, 1),
('B211', 0, 1),
('B212', 0, 1),
('B213', 0, 1),
('B214', 0, 1),
('B215', 0, 1),
('B216', 0, 1),
('B217', 0, 1),
('B218', 0, 1),
('B219', 0, 1),
('B220', 0, 1),
('B221', 0, 1),
('B222', 0, 1),
('B223', 0, 1),
('B224', 0, 1),
('B225', 0, 1),
('B301', 0, 1),
('B302', 0, 1),
('B303', 0, 1),
('B304', 0, 1),
('B305', 0, 1),
('B306', 0, 1),
('B307', 0, 1),
('B308', 0, 1),
('B309', 0, 1),
('B310', 0, 1),
('B311', 0, 1),
('B312', 0, 1),
('B313', 0, 1),
('B314', 0, 1),
('B315', 0, 1),
('B316', 0, 1),
('B317', 0, 1),
('B318', 0, 1),
('B319', 0, 1),
('B320', 0, 1),
('B321', 0, 1),
('B322', 0, 1),
('B323', 0, 1),
('B324', 0, 1),
('B325', 0, 1);

-- --------------------------------------------------------

--
-- Table structure for table `user`
--

CREATE TABLE `user` (
  `user_id` int(11) NOT NULL,
  `username` varchar(255) NOT NULL,
  `password` varchar(255) NOT NULL,
  `name` varchar(255) NOT NULL,
  `gender` char(1) NOT NULL,
  `address` varchar(255) NOT NULL,
  `telephone` varchar(11) NOT NULL,
  `email` varchar(255) NOT NULL,
  `dependant_ic` bigint(13) NOT NULL,
  `level_id` int(1) NOT NULL DEFAULT 2
) ENGINE=InnoDB DEFAULT CHARSET=utf8mb4;

--
-- Dumping data for table `user`
--

INSERT INTO `user` (`user_id`, `username`, `password`, `name`, `gender`, `address`, `telephone`, `email`, `dependant_ic`, `level_id`) VALUES
(17, 'admin', 'admin', 'admin', '1', '', '0173077942', 'admin@admin.admin', 20573857861, 1),
(18, '2020858114', 'zul', 'zul', '1', '16, Medan Berjaya, Taman Coolio, 14300 Nibong Tebal, Pulau Pinang', '0173077947', '2020858114@student.uitm.edu.my', 2070507082, 2);

--
-- Indexes for dumped tables
--

--
-- Indexes for table `bed`
--
ALTER TABLE `bed`
  ADD PRIMARY KEY (`bed_id`),
  ADD KEY `bed_to_room` (`room_id`);

--
-- Indexes for table `dependant`
--
ALTER TABLE `dependant`
  ADD PRIMARY KEY (`dependant_ic`);

--
-- Indexes for table `reserve`
--
ALTER TABLE `reserve`
  ADD PRIMARY KEY (`reserve_id`),
  ADD KEY `user_id` (`user_id`),
  ADD KEY `room_id` (`bed_id`);

--
-- Indexes for table `room`
--
ALTER TABLE `room`
  ADD PRIMARY KEY (`room_id`);

--
-- Indexes for table `user`
--
ALTER TABLE `user`
  ADD PRIMARY KEY (`user_id`),
  ADD KEY `user_ibfk_1` (`dependant_ic`);

--
-- AUTO_INCREMENT for dumped tables
--

--
-- AUTO_INCREMENT for table `reserve`
--
ALTER TABLE `reserve`
  MODIFY `reserve_id` int(11) NOT NULL AUTO_INCREMENT, AUTO_INCREMENT=109;

--
-- AUTO_INCREMENT for table `user`
--
ALTER TABLE `user`
  MODIFY `user_id` int(11) NOT NULL AUTO_INCREMENT, AUTO_INCREMENT=19;

--
-- Constraints for dumped tables
--

--
-- Constraints for table `bed`
--
ALTER TABLE `bed`
  ADD CONSTRAINT `bed_ibfk_1` FOREIGN KEY (`room_id`) REFERENCES `room` (`room_id`);

--
-- Constraints for table `reserve`
--
ALTER TABLE `reserve`
  ADD CONSTRAINT `reserve_ibfk_1` FOREIGN KEY (`user_id`) REFERENCES `user` (`user_id`);

--
-- Constraints for table `user`
--
ALTER TABLE `user`
  ADD CONSTRAINT `user_ibfk_1` FOREIGN KEY (`dependant_ic`) REFERENCES `dependant` (`dependant_ic`) ON UPDATE CASCADE;
COMMIT;

/*!40101 SET CHARACTER_SET_CLIENT=@OLD_CHARACTER_SET_CLIENT */;
/*!40101 SET CHARACTER_SET_RESULTS=@OLD_CHARACTER_SET_RESULTS */;
/*!40101 SET COLLATION_CONNECTION=@OLD_COLLATION_CONNECTION */;
